OV001#xavier#xavier@gmail.com#05200815
OV002#pukimak#puki@gmail.com#05200815
OV003#acok#acok@gmail.com#125634
OV004#andre#andre123@gmail.com#ab3498
OV005#siti#siti.keren@gmail.com#a1b2c3
OV006#budi#budi98@gmail.com#98f7e6
OV007#rina#rina21@gmail.com#1a2b3c
OV008#galih#galihgg@gmail.com#f83b21
OV009#joni#joni.email@gmail.com#abc321
OV010#ucup#ucupman@gmail.com#b21ac3